{"file_hashes":[{"block_hashes":["8oHxLSF1koCP8v2WOIILUYtfeD984JZhTTQzJBXgzIg="],"block_size":4096,"path":"_locales/at/messages.json"},{"block_hashes":["8oHxLSF1koCP8v2WOIILUYtfeD984JZhTTQzJBXgzIg="],"block_size":4096,"path":"_locales/be/messages.json"},{"block_hashes":["8oHxLSF1koCP8v2WOIILUYtfeD984JZhTTQzJBXgzIg="],"block_size":4096,"path":"_locales/dk/messages.json"},{"block_hashes":["8oHxLSF1koCP8v2WOIILUYtfeD984JZhTTQzJBXgzIg="],"block_size":4096,"path":"_locales/fl/messages.json"},{"block_hashes":["8oHxLSF1koCP8v2WOIILUYtfeD984JZhTTQzJBXgzIg="],"block_size":4096,"path":"_locales/ge/messages.json"},{"block_hashes":["8oHxLSF1koCP8v2WOIILUYtfeD984JZhTTQzJBXgzIg="],"block_size":4096,"path":"_locales/gr/messages.json"},{"block_hashes":["8oHxLSF1koCP8v2WOIILUYtfeD984JZhTTQzJBXgzIg="],"block_size":4096,"path":"_locales/in/messages.json"},{"block_hashes":["8oHxLSF1koCP8v2WOIILUYtfeD984JZhTTQzJBXgzIg="],"block_size":4096,"path":"_locales/is/messages.json"},{"block_hashes":["8oHxLSF1koCP8v2WOIILUYtfeD984JZhTTQzJBXgzIg="],"block_size":4096,"path":"_locales/li/messages.json"},{"block_hashes":["xO47TSc5YEVyFNzjZswM7Qjwga3XpvthaL5R72T52wM="],"block_size":4096,"path":"_locales/no/messages.json"},{"block_hashes":["8oHxLSF1koCP8v2WOIILUYtfeD984JZhTTQzJBXgzIg="],"block_size":4096,"path":"_locales/se/messages.json"},{"block_hashes":["W1VEndr1cUf7Zm4j9rwfi1Htlt+q9HKJ1OigZJvJoSI=","ezIobyWKzAx/lCoTUvVZy5CgrO8Zc0QtL0laJZwsrR8=","WvTvqv45n+3kfAGpFM7sA3DhFR5fWMlKO3+NAn3AvPA=","dflC1tFlbI9mQNn7Erq/EGD0IpE+WHmnyrONkBFqMMY=","A5ntJm7oL/UwXA1A8ERGkyEy5KVWnkC1PJKGWmmU9lM=","qVldFIov99mVHa4JwDcVz036bUfFCY0TuLgJy2oMNsg=","K15CSRhrBbtTfHUZ1WdNb3OrAeigrJyXkO89pQC29Zs=","lJBT+ZoI7qiZZNsV3rsPijbPGdFBnEnpvUTELSqQbQ8=","SRSw+T964jVapw5khHQ9mY0L8/9hMNL6ZCVf3PdR1tE=","RBi5Lc3rTSnVXbtzDuyJ9g8Dv7Rdc7sMZ1O9DRWvDiw=","ik8Uz1tDDQGj5sbebVke+DduvfLq1ROHfBT6kp6WEj8=","KwVTKoO1/kmBBCMXDsb4IMSn0oOR9PEeVjQbgbWnW8c=","vRNbsYGbHgNjzz6qck6ze2B3qZH5XPgR0aQVQG2XHvU=","ULeId2kH1YWQtOUriQKOt95MZe+9sKfLnPuB0/7YOJQ=","HyHHYJQ8aNEoNCIWpsw3cY0MMT9DgVgmw2SM6YfB3+c=","xcbJdXHZdCt5JT656RyfHHJVon3LwgWuIZPx8vslC8M=","Dl23ewSPJbQ0qj9qg1xTIX9lVstqHj+TxZ9D/NRZt70=","OQ9O6KooHxFxa7W3XiF0J51ygAkLzF/LZLf77hyD7Zg=","Xh2UKt4F9B0bH+0S4stml2Zb5RbkLF7azC+FH/lpmGU=","YS+SSaK25uEvqkeCLTuoArDWtaX+9qkUDv00EITOA8c=","CN5fh/LpceOApfIOxw8gy14shjvynDv9ys9Op39AZv4=","SiFGGwnkqOggpubcPI6DMHMgngY1dnm+Pf7dAJWU1pI=","pMTuB1yII4WY8QZG8K9iNMtYIhYfewUtWomyzKMWVmM=","Tzv76/6c9bIHehw+a5hVHOK49iylcyzdRXroDX3jO1I=","9jOK+8OHShfayhrRTVK2V8QrXxTDA57nz1t2BhTLEz4=","jY2HiV/65Knb1RzdUxCCnCEXad+h2kb3W5KLCQ9WUmI=","kLL360edzF0Yc7IfgvwxmwJZ5Gwc9J9hsbL6YUn5rnA=","hD/Jmp9s2l6yJv02vGdwXQVIOL8/A/vEFHEb6wgFKL8=","nN2uZqDldZSLfEXPyEnwBTLi48sW6HYvmQ0Yi2HhOF0=","OkPSOAD+mQCzHkpZEltORNbXwbFOecgz1PGStFwKue0=","mSC7e9ZWHr/cbLBh79kkyN9UH44OrM0CW+VvIJcBlfI=","OdjIC/zsS8ehXWNwrjfT1ZdasLBrflTS0iAXADHt58U=","KrRKfUjbGFq0LZ5zhkOUlet+kU9gtg73fnhXFOWiaB4=","HZ1jm+p84sXEe6BR3Ak1ffbHib29X5eQs0RQYf9oiRc=","30Q57Sw4xDA/GHXah8PJfF3IMbNB6mmxjq2hJe6XNVo=","FNafZzrsr9tiPiVhxe1u5Vj5TYsgyutMh5uHHpdDhF4=","Ow4AQ+LUUubgaCj+4hZAraZQYJhEaTsCv2IYSkeId+4=","8wto+bBLzmNAPJDBKN2YBOWyn3c9OflxyQHuOsd4+DM=","QFZ0ujvoYEIZxoTIjbtR+bcpzdTcyrfFrurLKZd2n90=","jaOiLnADhfKeYFfVLgpsRRIE63JaNS9Dc/ro86wQMp0=","ZNxqM4jYlqfwPEPirgrKWhKSpW8j1NnKuZVW2nHN8eg=","XubA/BYxq3DM3525qfZfXb4wD01hdBnUNjh+YEVGGJg=","Em3q/qi54utqib1UVjpCKITK9hapuDcaxrV3GjFCvGo=","WBJMX/NsmskEPaWYjPkNpNB4pi39669MrkQniL+8sbg=","7R3r6ggkl6ZIQsHu0LxFA2lEQid8qBQxaxt+0yNbGrA=","kEy5QxAYW1wI0ksannM0/cMAPoIcR2OBaLS/1oDiz6U=","j28qhJiMNjQ4uCdzlvzUJ6plyszVCRcjn1HLbL+9DJU=","2YBG8tD3bTDMGsM4RzE/X7QD5E/zb4oJhS1hdNZ4AlE=","wl4/3E6M1R751cKCq5n2bKqtFPtfCQGdiv/X6xHkxhA=","RvPprIPsZBPvFTGS92ojOcY0CsF9g9QlnPdgzolzMGY=","r7JXxSQbsRr6E/Aew7RUvzTje1AzdtCyskkfD7xMcaY=","MmUYgjK3+N2cHucOdbv70SDZDkQGz+qI+YyTu8/EIDc=","GVjT7DPIRD1XucTSk/Ugh4V0OPKw1QXjJ/aBXXpwSUs=","knynrPdkLrh3C1BBSU4Wk+XLRwhZw101MoDgYEVKrUg="],"block_size":4096,"path":"css/bulma.css"},{"block_hashes":["buzH+pkNAGVPhPFWU6IxWvN66r5aKk9GSd5T3DmbHFc="],"block_size":4096,"path":"css/bulma.style.css"},{"block_hashes":["XfPJfoEFSV+UIeM9iB/ODWveV89MJFOoOOqI6LG27tQ=","3XJWQE1mWXZhzQFZKyUYPEIAnCBt8tlVbDM2OKVyOB0="],"block_size":4096,"path":"css/content.css"},{"block_hashes":["Erj+UV1RJaT2lwTw8i/Dji7rmjVsFOQMLa6+pfkLF2U=","0riTHJoLxEUsmbNY9uGSM7ahhqL2T5QvDFrIzAwYodk="],"block_size":4096,"path":"css/content.css.map"},{"block_hashes":["Gxcp8Jm04FRjGsK+PTyKZgpB5YtltAf5hvtmji03dCc=","TpoDUT2tpXa70mcQCbejQvGtjIDaXcUdSjwa/9B1PZI="],"block_size":4096,"path":"css/content.scss"},{"block_hashes":["/KgQcj/rHd9WYFaMQQl5cXofTyxJ3DwTzHQHpwKNOZs="],"block_size":4096,"path":"css/loader.css"},{"block_hashes":["3KzUfUT7nMY0z6N0UULXP6a0RmusbUx8rBFaVWNHh8E="],"block_size":4096,"path":"css/popup.css"},{"block_hashes":["dg5ZBy0ULhNYGo79Yje5s67Cyuiye7oFpmkl39lqmGs="],"block_size":4096,"path":"css/popup.css.map"},{"block_hashes":["Hd1CZ/FqyZNQqfzULOjOg3wEPGYbfleEkHCoKDyAeU4="],"block_size":4096,"path":"css/popup.scss"},{"block_hashes":["9hREm3fSY5wb5++sGlNWIAWh/QtzZlaHFgR7R9YqbXE="],"block_size":4096,"path":"images/16.png"},{"block_hashes":["9PnK7AyByl1IwgZdD1O7dLtvaaIbi13jO73R4GYTvhs=","k1SCLOVT2dXot7Fyd4a1ZVVGmwMKe2W6nA17lVAsnhg=","OFjMxCk4kevA2Ttd7Pyo1C4T87MvbuDR/K+Ay/+o6EA=","/tIAUuQZDa4F1TBkLNIXyZ4zPdYUpa9GJ1etJ6yJCWo=","vHegXvRKF6y3idhhK2AESm60+bMF31w2cR9qBj8U2LU=","gM1JxYiR+yGOfquA8Tk2P8UXFWDuiuqxkBhBeYvLfRI=","GTC5WvArPNeCx+PAWN/8zaVF/jdzlp/gUvEn9FSZ4m0=","bUhKLZEzXuNhSUxt0ddMFXRyqZWTBRHbCkaA7devdgI=","oAze/fHfIbVU6WsHEUYVJJsSXolefeMars077NcUH7o=","l63Wkzh7unE06hn5n3LEMUaIXmp47lbPs9Ug0wbQYfQ=","NkGi3KPNA9Iz6UKPUYMGdE57s2OY0utxz7c6QP2BaNI=","wPo4DVbYA0+OXeqSx/8/I5dKcccjmpqAYem6aD69ivg=","by3NzfBRg+C2ElDMCNEhc21BLO8fFjD2i/aSynbFGhQ=","j8zgA5Y4zbPCtVyFVs4pVlegabazIVG27c2A2wD2toI=","DLWOwTpMSQZpw+tk61f9TrVuMgm3oSlIm4K0D/kDbAw=","fgt6mrN6bnJa2+6nSlxU2TnLJyjHbSqbwF8WAfE1MWo=","SItjJnoP7/uVfsz0Sc86ZKPFd79M58ohWCq9+X2CIb8=","YJgHEjdDYMBVIe1kA3B8QflQzRWSpAwR5+IH62SmjXA=","mkcuOSVaOuzVmQvdw8Ms0JwmEJ5VjovIUntwv5dBiEo=","dUtoeJJqj3WBGlzhLGLWRQEH4nnCwu1X0vaX1ql2GNg=","pZ3NkaWy+eYXMd3B8gs30pDkGx/wFQWqgDnnFpzsqB0=","Rw2c5+O0AH1upV3Vx2SJxPtT9zePE59UudpweNy9u2Y=","VI5xkS8rtZwUtiA0Rf5s/s61tt++qM0gr0D0UBsoE/Y=","sJkG8J7nidxe/6egRMeAq2CDsn3c+POi/177swcSHnk=","yLPy8gfgqCOSVtD7d7FoTzRFJ8plGvnFUZ9YTv5oxeY=","5/p8AEZquvvgR3X2hFJEVofP9cmKZ5Qk2MYnQUdLuIE=","r//LJD+dQuXaiIuRr3oc2io0Yr3scH/Zqvu/jkzu8GY=","0pJjV5cuS603PsFr/evRAgjZoNyeHfwh5B9FN/BL8zk=","OaF9fiBNH+cvMAYpLDlPZB+/lw+P7qGipSfNKxMAUsk=","gd1pJvZyW3tLXCnGgPU1XVU27b8Nxkkg+O8M0yA+L/g=","KE2g71JriLTo3Kki2iO61joJiJs6hUTu+p4xPv5lOIY=","WrLfeiK9aYcPXArz4vcPlgl8zbfb+9alcbPS3ljbJX0=","mv/eT+5XfsVF+IGYaf3AxEAxa6YtxP9W0+KTVsMYJTk=","9DKraIXTdLDJrFGRvvr3dSR1u+6q7WFAve8m0hqfrtU=","k0IqBKSWL/Ge6byegCx96z6m9ImWE8MWZRVz332ZDMM=","9vb3jLfUpKu9tWKSGPozBoOgudM0zmABKCGBo9JK3MQ=","869JTyEUFF+F57tD17ir3hmFu7sCv6Nbgh3mzBI8eTE=","iQDb8JP4KaGeXuLFGzQtUPpaiLOVwK3M1QMKD6ELdaA=","5DjunbrjmeSgYbYWGUusxlBeYr1TVFIKbMjDqc/yH3I=","V1GxOWFFeAaEnY8TvZdjAec2+oc6Pisx1WRj9TipRL0=","rBhEF/wxZbq3AVuKXg+TaljQlDYHVY8jND5sGqNe5p0=","6JO5O7KYrRVwydqymbCbnZI2w6d1uFzZIZmKglILeAM=","YDkL51xq/WcyuXQuiBm9hqhvZaW6BUAqak6gyJcPyio=","pPnyjj7jCrA2G2wEAGfc8ahKdQHu5ZBAugJU6DIuqQ4=","gt4icUhl8rKzfhB+dU6le8uD/30eIfgkHiWY31ipnP0=","kHlqxrBCdDwbMjaWcTjhuTfJ66V3RSSfw3JZksCpnAc=","2H3JmK4gVhfGa+T6x5EFyi1K5vMouy4jVhurkiE41xI=","0lpgRmhMAWZ1Pory0FG8ceP/myOGTpLnF69yai9FJeI=","zIraFn9NCJk24LhqLwwQdQc2D+NymMRsIuVxXlNkc/w=","5ANWbdO1l/EF4HfJQpqsaKHolwGZAe4gB1yMcJWXvqc=","pE7B8PxdjiJ+1DbNLmn9PCFi+kJ3SHAbNjHqm8TzQgo=","WYKmwVjkOJ6Kl2XOKQr9NQUlQw3AWveBAZXw7LTJdRY=","PzacMROHt9TDGWc2RvRRotYqUN/Q7GRuER8KAr9wJbM=","P6EXypW5DRWUi7C2iaLxICha0nfRrJ6n06QAQFJOCEU=","RGk/xAF7ojt5zjxOtAdhHIyCVJ7O0dN338xbHrrhXKU=","bvxKcbG9TKq7lZTStzcpiHOzHL0UeIwt7IlkC0OAt0Q=","oo6ibXY0Xi0erLEZ8OSEjWRZvXqCGB5x+1meJ92T+o8=","CJz0ArTCH1CDfALcq7FMb4pnSjg8HpPwoQRbWJSW5vM=","8itaY3FhnaFA1X96z8Pxxu3E4/U0BNjf27ogp+KSHP8=","PpeDnt678z//qeVAX4CaLO0+VEdYdrRySxZUK2FmHRk=","keWx6W0fsXff4EChtnsgKaGdAYZcvmlJSfbgTZrF4EM=","SoedJmejmhFa+ubdFUQv9j3UOs2EfzotDLtQUYKEJZE=","kLu8882pwtshfZA3BYqEi1ieTqimau/GX4qsfiFAqaw=","dBxdlAZz41uWFEfGgWQ7XQUVP/xZfaDtvVGIXCNeetQ=","N/hS0Rk9zk+C/YiWKQKhUBqEH8ztOz9WvTFLc6BjUwY=","hSetAvR/FOVuHJNCgSNu4WApO7wtuXaM9zQ+eE3y6ME=","pjko6g9Wi6llmjO6xz1ugUKT2PXKKWFZzPIkzkPYOkg=","GSJUwimfgS2F6QvYsaiJ//F3bn0ziqQfUFW3RfZOquA=","Ed5+ZFSUZGQM0NNk6ya3Ess6PlixZUMI5GkQNsXm2qc=","Bz3K6LIDoSCurerNrauFE2t3obCeyVQ3N67rpuNUgyM=","ZKZIra+sbHX/xE5SkUpnUCstYPZzWilpUcw3Gaj5Ij4=","F3m+GE8D1S+FO2OJQ5z9BauQg/8po51OsJahteH2z3U=","HoEa7K3rUtopmyhwnEO8rCDlI0bPe/CoTRWd6Cwptb4=","j1vbXfXwqAYP94u7ciVF1qNbvkiNzH2L3gwhcUwkaxA=","yNsIJrLgP2YsioiONgfnfm3msbqnqt09eoR4BUxz9Cs=","jw0sX2RvZzuZ9HAgfGKvt4n5HzN75DzEUwoHxPB9a4s=","Xvc1KAhK1tYE0xg9PclAc1yJUuh/0f+kwXmatrZ/7Q4=","wR01irBNhZYA4zx9iNDxmk5CRuq6jbHepw8QIeiadmc=","Qf79DlQHFdT2liqtVXjrFxdchXTy2BmT0q2XSW9xCoc=","l6SpqokS+snCF97bboJWAJ7dvByTZwzBEBlzx0G5xJY="],"block_size":4096,"path":"images/bg.jpeg"},{"block_hashes":["DUyl4cFZkNMAIViuP0bLbrT4ft2Yj02cVysycu73YkY=","ysW3plePR7mBrM712MPJBr8BlFucLKp5Kh1uXSi+RVE=","VQtBU00dxAIa1Z2e+akMFrDQXzgrefyTly7R7KqzjlQ=","NQvVHwZ+JkPfokxUrKK71cjAlt7B5+1ZrY3iaRjAwUg=","N1mr418BwMoHreiq+jhA5HV9EI3OaKy4+wFoAkJFpr4="],"block_size":4096,"path":"images/close.png"},{"block_hashes":["NJte//HDXI8n98N0DZIt58UPlCHkdJAI930rUPY3dVg="],"block_size":4096,"path":"images/copied.svg"},{"block_hashes":["A4tMJFuMatPTzp0bdl+yC3nuiHxCqQnkwMw3euNNuQU="],"block_size":4096,"path":"images/copy-icon.svg"},{"block_hashes":["M/WgaovCImdV9r7yJOnGT1Ac9tmX4tI3FIGAmFwvA/0=","IBHQ3vIXwkh9v0hki9US+WIty0cExIuqNRKqbLScL2g="],"block_size":4096,"path":"images/flags/af@2x.png"},{"block_hashes":["IHHOZSDQqnY+AYepUc+PUKQ1KcnQovYnlJghqSOeOaE=","8SO5C5SCLAEsh3g5q4bOKYUiCdQMbLx9ZT17ZQPVZ64="],"block_size":4096,"path":"images/flags/am@2x.png"},{"block_hashes":["wVZxzIm2nX+/tzO87wf4HHaafKhcT+IEDowoYS4TRl8=","UwzdUejkGNA6H9PA+rKRRkOaQmYJw4AgCBXcWW0pVrE=","WXyCVSq5VkIBNtjvTPwymqwuOSGC2q0y1lZakrJFC0Q="],"block_size":4096,"path":"images/flags/ar@2x.png"},{"block_hashes":["C/ttWJYzUAubDUH4uycyKNNrXpEvL4hpt0nVmqoauMc=","SWjlpyCPyq36xoad1AuYf+YSbbaZZLgukLzU1HnKaDI="],"block_size":4096,"path":"images/flags/auto@2x.png"},{"block_hashes":["fihaUz3Cuf8S7EX6lXoz+ybHZ2SuPaN2GA12fMfgWtM=","VGc93VxCmtAb4BIllECPauZr4Y0NQQCgYupZSyvMEvM="],"block_size":4096,"path":"images/flags/az@2x.png"},{"block_hashes":["8gfKmHOGndh4Jaa2TNpg28+EyNbTwRaXjOwQxKp2lEM=","xlFlkS3Wfv8oBNLQyuHXmFtXuyoXx/Vf8DtgYCUjCdg="],"block_size":4096,"path":"images/flags/be@2x.png"},{"block_hashes":["aAafyp9biX9mQcURnmdxrNQbtmpSr3KTdodvydb3cLY="],"block_size":4096,"path":"images/flags/bg@2x.png"},{"block_hashes":["0tAUdzGNJe4ScGakXPwt3vqRg82e9mNv38AFK8298kQ=","tr0Ou5NiMk4uIxsjXtHHLrVAIl2CI2ukCLb+KKOgTJA="],"block_size":4096,"path":"images/flags/bn@2x.png"},{"block_hashes":["a62hwRYdJ/2vLnMagEAoWDg3pk+47/J4g6RwlzMQMHM=","AfzoHd37ULstY0aNMt/RwlfFrE8XRYSpiZIqNT6DvY8="],"block_size":4096,"path":"images/flags/bs@2x.png"},{"block_hashes":["6xsuAoHPHSSRMlspwZ+p9FC93KxQFc2xQsbd0ZTGlME="],"block_size":4096,"path":"images/flags/ca@2x.png"},{"block_hashes":["dHycTU1Hw3/hudf2qtAR2ofQtNjU5AzkQVWrqgTanVE=","BlJDrkKpvwhsMTI5N9gRHpnD5FG8U+k6UwnTtff6M2g="],"block_size":4096,"path":"images/flags/cantonese@2x.png"},{"block_hashes":["7y0D5vVVXzxRBWFwD5MGT4lnXn9CxsGo+c3KbQHoTc0=","AnGp71RKhVLlhR3Z5+MKzlXOniRko/bRHRLI5LUhu6w="],"block_size":4096,"path":"images/flags/ceb@2x.png"},{"block_hashes":["tga8F3V+HC3WHWBMBEJvdW50nGlwJCyE2nbVFDWPO4Y="],"block_size":4096,"path":"images/flags/classic-chinese@2x.png"},{"block_hashes":["v4WGsMWOvZKhyc74zFIps2njF6ZjVvsuYaN7eEIxjnc="],"block_size":4096,"path":"images/flags/co@2x.png"},{"block_hashes":["uZZyPiGbM1g5mdxmPoNjHuI7QaQVCsKDzr+x3AmqCIo="],"block_size":4096,"path":"images/flags/cs@2x.png"},{"block_hashes":["yWCTPqa9DXhJJtH3+cu1NW/zxreGO8sz9lku2XBGUXk=","fAIhFH9NCRycBElpz08Wxoq5pX9z3rppL8yCaGEWmOg="],"block_size":4096,"path":"images/flags/cy@2x.png"},{"block_hashes":["C6SIc97G0yQBDS2kZPirFiJwH5xEdoq4qct2pJmrs3M="],"block_size":4096,"path":"images/flags/da@2x.png"},{"block_hashes":["mrrTqGFNWYH9kQeHeH92KyTET/cFdNTBAiBXntCk78A="],"block_size":4096,"path":"images/flags/de@2x.png"},{"block_hashes":["Sjs7lwYINy9fM6Qa0PLxLyiZQ9GEDnOieZ/Zs+JU0Kg="],"block_size":4096,"path":"images/flags/el@2x.png"},{"block_hashes":["u1rxoxOIFndK9CyKHRiDDHIHoyhgl7fLJW52qUbud+A=","5fTSnmd4+TY3V7O7xp479KwH+HuKCA3c08uWciqGjNk="],"block_size":4096,"path":"images/flags/en-US@2x.png"},{"block_hashes":["B8Z5VM9W7g5dDyywjqJJE7Iou+eze1UP8Bpei+mLe4s=","pwSvZcKXkTIsaSQOK5km4DdX5x6+JgwLn4eu7NyGjn8="],"block_size":4096,"path":"images/flags/en@2x.png"},{"block_hashes":["8TMNZphKJkeyi0PCuCKJZBaDZcb47zEOzGnnFLDYx+0="],"block_size":4096,"path":"images/flags/eo@2x.png"},{"block_hashes":["dVyK1SdrGxwNBCfxOEhijSjWcz8EPrGaKMgQJNDACLc=","kdNUAQVfPFTu0sp9M36HcQMkgfTkprZgCljtaLQRpDE="],"block_size":4096,"path":"images/flags/es@2x.png"},{"block_hashes":["xA7vqszn3E+3FV5G1GZJ4JxAYzM3Q2iWUS/UmjepXYc="],"block_size":4096,"path":"images/flags/et@2x.png"},{"block_hashes":["3nZHxyxG5ckWtJTbFleJBosKIOLVcua+co0hzWXUvQ0=","Xgjato7rP2/LGJWaRzYpsMPN8VZKuAd2k15ZbhWqJGc="],"block_size":4096,"path":"images/flags/eu@2x.png"},{"block_hashes":["zMKFzADjP5Ca6M7XX7ZKyj/Ss2hWSR0u53t3gNfoZGc=","leIodcFWbbelIIKL01R9ZRsEIyTPeZkVDEq5tztSRpI="],"block_size":4096,"path":"images/flags/fa@2x.png"},{"block_hashes":["hvR0icbbIkNkaY3QKHLNqztFc+qcickGyiGfczoScLQ="],"block_size":4096,"path":"images/flags/fi@2x.png"},{"block_hashes":["v4WGsMWOvZKhyc74zFIps2njF6ZjVvsuYaN7eEIxjnc="],"block_size":4096,"path":"images/flags/fr@2x.png"},{"block_hashes":["eGL01vBcaIXFjD2z1jonDYD4vFw3vBnfMMvIvOlaOO8="],"block_size":4096,"path":"images/flags/fy@2x.png"},{"block_hashes":["ivH3MuplHHcXcRE5xoxkPTnUax/t8A1FydfQcODo/AE="],"block_size":4096,"path":"images/flags/ga@2x.png"},{"block_hashes":["BMnYuEYP3bSZcVzoly7In7sehwxi1IB8LplWZNKuzp0=","llbNQCmRMfT29Qb3tEHNJNUfYb4dbos6QNupOB/anlI="],"block_size":4096,"path":"images/flags/gd@2x.png"},{"block_hashes":["BEmhyrDu+/XNXFlUzh2iR/HoYM3AwAafO/tlyxDh884=","WnxUx5erjsSi6fTgLWb4uf1f9fFfZHEBStPi+1rIrD0="],"block_size":4096,"path":"images/flags/gl@2x.png"},{"block_hashes":["a4d1jcRPAMty1qxYhSEBeH5cBYtxtoUuUxeZSFoECZA="],"block_size":4096,"path":"images/flags/gu@2x.png"},{"block_hashes":["UJVAopXdkK1XyvG8MtGk2kE39cqKg8ZOjd3Yztotr24="],"block_size":4096,"path":"images/flags/ha@2x.png"},{"block_hashes":["gmR26ffE5MKUMHWAa2McRoBClDyKBXCwtYnbhsoZINo=","IIXIcleEmY8xyi470/Hlqhf/NcDK0O9ZXRt5smY7/is="],"block_size":4096,"path":"images/flags/haw@2x.png"},{"block_hashes":["a4d1jcRPAMty1qxYhSEBeH5cBYtxtoUuUxeZSFoECZA="],"block_size":4096,"path":"images/flags/hi@2x.png"},{"block_hashes":["8QOGntRzqfUkRf3MuW8H3RiyuL41FaKe5KTE2Sc40cg=","nMo0WsObi2UIbrd5Vqi8la/WXn9x9grcAWp7MnstAng="],"block_size":4096,"path":"images/flags/hmn@2x.png"},{"block_hashes":["mwWzIRfhnddO8AlDUWqjv4zMv5RW7hpaZVukSgTYGT4=","onFWLCqwF7TJY+d+IBK3AkbPw8Peoxbd69Kfjr1Nm60="],"block_size":4096,"path":"images/flags/hr@2x.png"},{"block_hashes":["D5l8oCqHY/eDgZV8HevUDhaT4qhJAwW89hueCqMNo0g=","Yivzxa5X3oOKFiYAS2zLax3zUNvVixemSfnfiGYh5bk="],"block_size":4096,"path":"images/flags/ht@2x.png"},{"block_hashes":["ehmEH5YG45MkYG0sca9Kv6UcEwNTzf4BTTpJi34MRsc="],"block_size":4096,"path":"images/flags/hu@2x.png"},{"block_hashes":["YWaqz47nG3/MTC+/nbmzmfiv2izYxoN1dUGAt2axzhY="],"block_size":4096,"path":"images/flags/hy@2x.png"},{"block_hashes":["dlMxd5cusmiQwDQYymLjFqSFRQk36XquFp1PUscUO7o="],"block_size":4096,"path":"images/flags/id@2x.png"},{"block_hashes":["UJVAopXdkK1XyvG8MtGk2kE39cqKg8ZOjd3Yztotr24="],"block_size":4096,"path":"images/flags/ig@2x.png"},{"block_hashes":["NEu+HChJ/GYxCz6G2ksODWU0kWzujHj7s/RyIezidOA="],"block_size":4096,"path":"images/flags/is@2x.png"},{"block_hashes":["sI/b1VMxkkzSN9naYnhNW7IuJy5VI2Bz+TQDOxE81WA="],"block_size":4096,"path":"images/flags/it@2x.png"},{"block_hashes":["11xBfe9AyALQiQqu82vZO1gfjxn5YyPbsQyTDcS/xQE="],"block_size":4096,"path":"images/flags/iw@2x.png"},{"block_hashes":["xj9NTi9iIdt6/TWVXR2y+RGzSXTdhP6BZp2oqXmFFE0="],"block_size":4096,"path":"images/flags/ja@2x.png"},{"block_hashes":["+MFAwU9qwSqZyYMXDtZ0pbze14bxQxkOiHrCtCKCHIw=","t24y7nlu1i7h869lmN17gjLKQqUj192xH72cTNs4ixI="],"block_size":4096,"path":"images/flags/jw@2x.png"},{"block_hashes":["YF7XVfIEOvACiAwXq+vYHIxGZeSOvPl9gENBscNnP/E=","qUDgy0441V6x8cPK7gUmE3VMrXpUxiUmqCZhb4vMVUE="],"block_size":4096,"path":"images/flags/ka@2x.png"},{"block_hashes":["uVhRXlXOx4upTUKVUC8Vx0Z0Fwz7qvGY7LXGQTx5qv8=","zkcFTnC5+OzVVJtlLtMCsor6oSBaVC5TaNhao8uRtOs="],"block_size":4096,"path":"images/flags/kk@2x.png"},{"block_hashes":["CdMrXAQXQn0W0uvCE//boVKV93/s0KMFlPQm+KFviek=","vv6Viz/yMaDPF2hYoeT1JVTnBTPjQ1nL50ySmZQccI0="],"block_size":4096,"path":"images/flags/km@2x.png"},{"block_hashes":["a4d1jcRPAMty1qxYhSEBeH5cBYtxtoUuUxeZSFoECZA="],"block_size":4096,"path":"images/flags/kn@2x.png"},{"block_hashes":["JvIYhzayPl3ab8QZlKCxv11V9sElH/f8YvFA2iDWKWg=","X/ye2OcHJUWUKCjePv9rYNPVYx86+jn40xz3zUd+h68="],"block_size":4096,"path":"images/flags/ko@2x.png"},{"block_hashes":["rICRVwAGprmeujIR9LxG1Kh+siJHHo7xx5odWuLDHsQ=","201C0F0IiUMtWagUnJ0HlJT6GO/O+lmBFESCCycYdWI="],"block_size":4096,"path":"images/flags/ku@2x.png"},{"block_hashes":["4heiFWazQTxjOF9HPu6f4TqZDHfbonBWoA5jogFTVhc=","YZKy0vOhzgWKFoqllqfoYn2EpOW+mjdhivFPm4wzB/Q="],"block_size":4096,"path":"images/flags/ky@2x.png"},{"block_hashes":["ppzKVNGsjDwhXOh4JaMi7+m/KKN3A0/QaskzkKajXZ4=","xxQSA53GNNJUR+PVouGNpAPx5udYrc5opTczG1THP2Y="],"block_size":4096,"path":"images/flags/la@2x.png"},{"block_hashes":["lcQSsk4tHNWd1b9yaPVkYLfGI3MRn0Vz4TDOw0HTip8="],"block_size":4096,"path":"images/flags/lb@2x.png"},{"block_hashes":["5cWMBZ91u7aI+maB5aaA583d1pSJ+2h16Nrgx/8W674="],"block_size":4096,"path":"images/flags/lo@2x.png"},{"block_hashes":["gazOMVuF5GRu45/aavfHv8lyNkRMF62jlbK/cb0KCJY="],"block_size":4096,"path":"images/flags/lt@2x.png"},{"block_hashes":["h4bBsbuROEKGcfzmvGH/N+moI8o4GDSaj11j+QZiOWs="],"block_size":4096,"path":"images/flags/lv@2x.png"},{"block_hashes":["SkW86zPqCQwI4YaHoun8167O3RPepjlhW/ICXHVzfb0="],"block_size":4096,"path":"images/flags/mg@2x.png"},{"block_hashes":["qjNH5tf+qL8Jfv0l7bpPDL3C6urphvFttd5VjHWpNFc=","tvqUdBca3E4BUNtQFetP2ehT4jha94mSA+/Sg5r8bhE="],"block_size":4096,"path":"images/flags/mi@2x.png"},{"block_hashes":["rKrbe6FxlPCjgfKbdHhmEZJexWYUKKvfAL0hAJQ1rEY=","lCfzDoCyTfK8ZxctTEAEMmFCLIYhM+Z2DAIxiaKyMRw="],"block_size":4096,"path":"images/flags/mk@2x.png"},{"block_hashes":["a4d1jcRPAMty1qxYhSEBeH5cBYtxtoUuUxeZSFoECZA="],"block_size":4096,"path":"images/flags/ml@2x.png"},{"block_hashes":["rxfh+FexKi3FJQ7UJdgaK7LplR8o4XlV13+XTBggpw0="],"block_size":4096,"path":"images/flags/mn@2x.png"},{"block_hashes":["a4d1jcRPAMty1qxYhSEBeH5cBYtxtoUuUxeZSFoECZA="],"block_size":4096,"path":"images/flags/mr@2x.png"},{"block_hashes":["aXhAlSCmZPPPAHylhoaQRdV8mna5Ht16GbvLhttBq7s=","fiDUrPYhRTjhY2AVsxZvxfxKqOLPA26bhKni+4PWUWQ="],"block_size":4096,"path":"images/flags/ms@2x.png"},{"block_hashes":["6K01+mjHCiNt3y2UPB522swfoh8Bwo6km7Q4qBx14pc="],"block_size":4096,"path":"images/flags/mt@2x.png"},{"block_hashes":["Ki8wM0sVhQw/u+2Ddex+SA1tqOIQFqxYhlaf9/K1BMA=","f57oVkBVmHq5/UGgCj2baspllrM5zAEsaUKqV3sgI7M="],"block_size":4096,"path":"images/flags/my@2x.png"},{"block_hashes":["+AGzYE/2fvvrItwtjRx90q9o9+VgW4ZqUMjTWYdpJIQ=","nsB4mPkz1TaJBww1PTNa2lVMq4rPR2VE9IvKuKqyNjU="],"block_size":4096,"path":"images/flags/ne@2x.png"},{"block_hashes":["XY6trnPx1TW/J4TXc0srXUocl23arsed6r8tJTZ4594="],"block_size":4096,"path":"images/flags/nl@2x.png"},{"block_hashes":["zmYxLEGaj6Dh8qlnZWBX+G5ndRQ3IXzH+XmPlOCcBhE="],"block_size":4096,"path":"images/flags/no@2x.png"},{"block_hashes":["MAB3ND90JHHFahlBuZFTj48fV4MwpwA40NS1hoFKXkI=","P4O6GG7OGdepcrmCxHm2QSzAzIrunlik/IP2waub0AY="],"block_size":4096,"path":"images/flags/ny@2x.png"},{"block_hashes":["a4d1jcRPAMty1qxYhSEBeH5cBYtxtoUuUxeZSFoECZA="],"block_size":4096,"path":"images/flags/pa@2x.png"},{"block_hashes":["HuxOqyi3OGsXnKgKmsyHNMjor+EBnWyoRXYtGlanRpU="],"block_size":4096,"path":"images/flags/pl@2x.png"},{"block_hashes":["AUqv5idt4Ljw3OffLqpuMXppCSruECNMopxmbZKg/BY=","nhQf+7P2+Sc4YwkEkZF0dQLlnDzg3iaY+xhovHQU1tw="],"block_size":4096,"path":"images/flags/ps@2x.png"},{"block_hashes":["38NmYVtEC4LInCHASxDZCThdOMdEotYqRazUyu9XRB8=","7vJLjB8OdveLhQnmCk+RiTiS8crXIVKM7Py7JPrymw0="],"block_size":4096,"path":"images/flags/pt@2x.png"},{"block_hashes":["hGo0D5u9Z0jO1MQ28w+aW+NlkWCu9EGGPagDwlYPQhk="],"block_size":4096,"path":"images/flags/ro@2x.png"},{"block_hashes":["LZvUU2MlFoje8A6RyTyZOtj0BkgxTcpMEjram/mjIEk="],"block_size":4096,"path":"images/flags/ru@2x.png"},{"block_hashes":["UIOj34OpFnzyPDA7FNjFljQC/dN/FVgSH/ryljmptgc=","sTnhDZwxOfJZ/sgMNQX7Jabyj8mcPoTeELWWwCvm+cM="],"block_size":4096,"path":"images/flags/sd@2x.png"},{"block_hashes":["kAUgF6lvx8sws8ITYQ8VU/j8kAPTHcL9NVSy70Ix5q0=","t9Y7qtC5BA0D4oacr5SpB49q7xQsEm1c4qDIvdSj+PE="],"block_size":4096,"path":"images/flags/si@2x.png"},{"block_hashes":["fXQVcHGAiXL7y1odtxp02XGtbzhckpBreEJgcNIXPL4=","ZSc8DyLSMY6Xp++gdAYmDECTrOm++KtduvgapXYHWTY="],"block_size":4096,"path":"images/flags/sk@2x.png"},{"block_hashes":["p2TfhFc0TcV7RZ8smFs5HMftf8pNMCFRVzBmtwB/sSc="],"block_size":4096,"path":"images/flags/sl@2x.png"},{"block_hashes":["aJ8d2mtSCYsekDQh/pHO7ciCtdnyHBQ2I2m00NOSdy4=","Kxdf3rnw6ZmAf5gM4bEj93Cu8/HRLUhocauceU4qExk="],"block_size":4096,"path":"images/flags/sm@2x.png"},{"block_hashes":["LqaDM+BIH4rqwjWXXJllXtPKlZ66XJYK/j1W/rRbNKM=","0WD/UTYfqmdxDyZanc070Z800DJahpBNONeOF59XNJ8="],"block_size":4096,"path":"images/flags/sn@2x.png"},{"block_hashes":["Uw6N5n09KabKanzPGzD5TP1NqiY6Kzl8mSVqYZp2srA="],"block_size":4096,"path":"images/flags/so@2x.png"},{"block_hashes":["Le/yKtcxzqAom7ksQp8awzQ7ZMu23bOcPKFCw3Xo6E8=","I37bbhogBuaGfgo1SE49HUkMBFw7yFLFjK+1d1JI8+k="],"block_size":4096,"path":"images/flags/sq@2x.png"},{"block_hashes":["YZVWFt/G/ujkoyu0qGHaJxiinPmjVqSecFjtiCQFWMA=","lj9SfSVjtwl4UixyquRpeN51SkBFGBn58fIwj3ipNw4="],"block_size":4096,"path":"images/flags/sr@2x.png"},{"block_hashes":["4hgBRm5jrxbwgNCGmBaDMa0H7L0Gm4p7VCc+CDnaRPk="],"block_size":4096,"path":"images/flags/st@2x.png"},{"block_hashes":["+MFAwU9qwSqZyYMXDtZ0pbze14bxQxkOiHrCtCKCHIw=","t24y7nlu1i7h869lmN17gjLKQqUj192xH72cTNs4ixI="],"block_size":4096,"path":"images/flags/su@2x.png"},{"block_hashes":["CX/L2ZoV5OCfcz6mGSPIeCbnPDhHKOqcFjxObL6xjWE="],"block_size":4096,"path":"images/flags/sv@2x.png"},{"block_hashes":["sJiVWeN4Nm8yAMSkASuG7Hjgs6KlS8AY+6RLsrYBAFU=","ors3bnnzA1jzmC8MoRzKYF5dddB6P36JVaKb/O2VpRk="],"block_size":4096,"path":"images/flags/sw@2x.png"},{"block_hashes":["a4d1jcRPAMty1qxYhSEBeH5cBYtxtoUuUxeZSFoECZA="],"block_size":4096,"path":"images/flags/ta@2x.png"},{"block_hashes":["a4d1jcRPAMty1qxYhSEBeH5cBYtxtoUuUxeZSFoECZA="],"block_size":4096,"path":"images/flags/te@2x.png"},{"block_hashes":["YXdL58i/cJ/qud4+l3vjfylDC6JUWfkwEM4aZ8VlHng=","LxXNP4K54ELlgU9u0+LIVY+8inCSfGP5WAqw+hA1mC0="],"block_size":4096,"path":"images/flags/tg@2x.png"},{"block_hashes":["a9c8Ekefqb6U3k/z8hhHFecJ8e7L4arATElrqK+IETA="],"block_size":4096,"path":"images/flags/th@2x.png"},{"block_hashes":["uD0M4NX+lvKoinetZW6XlMeBIhNf+L4LKpaOG1k27bA=","RuuixlwscyRnyxHks3LQONbUU8+iD5Xdc1pgi/qusnM="],"block_size":4096,"path":"images/flags/tl@2x.png"},{"block_hashes":["hibfhRdAINxSvZXDdMzd6Btt3NsoCmJfX2G4LJiSSjQ=","FjQcRgNoTu9nNLki8tezWHzwNbFR7gW25N78eE93fNs="],"block_size":4096,"path":"images/flags/tr@2x.png"},{"block_hashes":["B/IPOYRnDos1ypmj3Xek+JRIc8hVmufyExkdXfHR/N0="],"block_size":4096,"path":"images/flags/uk@2x.png"},{"block_hashes":["UIOj34OpFnzyPDA7FNjFljQC/dN/FVgSH/ryljmptgc=","sTnhDZwxOfJZ/sgMNQX7Jabyj8mcPoTeELWWwCvm+cM="],"block_size":4096,"path":"images/flags/ur@2x.png"},{"block_hashes":["D3/RZ4NYfDF8oyNTnZ8uBDXP2gTjmtFtw5d3nGlYwFI="],"block_size":4096,"path":"images/flags/uz@2x.png"},{"block_hashes":["Mdu68BrCCJp+g95pSrB56s21kWJTqZYrxvayBso/PxE="],"block_size":4096,"path":"images/flags/vi@2x.png"},{"block_hashes":["M/WgaovCImdV9r7yJOnGT1Ac9tmX4tI3FIGAmFwvA/0=","IBHQ3vIXwkh9v0hki9US+WIty0cExIuqNRKqbLScL2g="],"block_size":4096,"path":"images/flags/xh@2x.png"},{"block_hashes":["11xBfe9AyALQiQqu82vZO1gfjxn5YyPbsQyTDcS/xQE="],"block_size":4096,"path":"images/flags/yi@2x.png"},{"block_hashes":["UJVAopXdkK1XyvG8MtGk2kE39cqKg8ZOjd3Yztotr24="],"block_size":4096,"path":"images/flags/yo@2x.png"},{"block_hashes":["8QOGntRzqfUkRf3MuW8H3RiyuL41FaKe5KTE2Sc40cg=","nMo0WsObi2UIbrd5Vqi8la/WXn9x9grcAWp7MnstAng="],"block_size":4096,"path":"images/flags/zh-CN@2x.png"},{"block_hashes":["iE7YVJKjQvaxWfExPPe06bP0x8h/F3Q3C+8fo/cS0zg="],"block_size":4096,"path":"images/flags/zh-TW@2x.png"},{"block_hashes":["M/WgaovCImdV9r7yJOnGT1Ac9tmX4tI3FIGAmFwvA/0=","IBHQ3vIXwkh9v0hki9US+WIty0cExIuqNRKqbLScL2g="],"block_size":4096,"path":"images/flags/zu@2x.png"},{"block_hashes":["evkKHwEic+IL1R0OCbL0ifXfPgaawSpyo6+mTUpoHaw=","E5mFahegIXHmkc3bTtUA/Cvq7v0F/0OxgDEtO5rQyRE=","XWofPPWC0gkAyLcn2nSK9HINpa5w2uFKCjdr6dFI0AA=","s5EuLKxYchqJ78Ywe//ma9N09fuUK76pvW7RBFnCS0M=","yOMZSMGxx81oCQSQBVb3alcSbo3mdXS8iq7LMwbgs9A=","MGgyM6GZ80Hvj/rS/vMU4IskoJWXIYOCMXUkGmtNyks="],"block_size":4096,"path":"images/logo.png"},{"block_hashes":["9cfWnb7yzB3XrGZY2i6XH16G0Qf1/sqbUsxiqP6hS04="],"block_size":4096,"path":"images/right-arrow.png"},{"block_hashes":["pdwV0043QsVUgL8IeoLsFeYyVQ1D9Q2nh/VQQlhp8ww=","8PjpwzIVFXHF2D9lh2TQhKmY/FCgEZCHkaMbBar4uOU=","JdK4fxHCtoMthEEAC2Z2J2VINNiG0vVZpZRgqlDV6LM=","JPkzASSHi+wl65TxLe0rvTJBJrbOzDzh/+s44mZeIzA=","oWZrCT/5n407qgk/owtNzc0zvquSR0XrsWnWk51Uu/w=","SMaY1UaOvz50Whtn1a0IyrOnq2yLDj4Ds9ntuKku3Co=","PDjqqNsmPyYoVyonnsUB0tHStUGZIwEVdCEqpN49gIY=","HgoiNW0tzZdcVF7SlRP+0CS+2BhawwtxydtSdPyf65I=","2vSaoNsNyWuaW3n8dUePGBir0uv/1jjJVrtkaB4q0yo=","kPI8v8wVBsZBT+axNx7d6cLz38Ib+S31GYCpaGYWvsQ=","7LYXGQCU/3mh2RqK/7SjvbtC3IA2J/EhWRfWUkiqBjo=","/FX7Q4To0dKTAcyaJtX6CNED9yBPkGgQi0K3uXvP/X8=","UubQPDxKhNwTo1UzLsqxN3KCIBYCTHqqdJwN/SbdZjo=","r4okclODUVY1aRjVQ0gYvQ+sxTFjfEWRDvx7Wofy31Q=","IGm/scQPPBGVPQzw5cnT9K6iEgv4PazPqY4mI7oIVds=","3YibybOplkLBa9uOURoHqgrAzTbxsZzh5zvyTXkG8LA=","3/GygVo9lEX92GHlIO3VzjfRTQ2ggz0aizwkSHW0vOU=","4oVO63EzLep/yk+Y94FDajQnHGmLNNIr9qpYQ1WoWo4="],"block_size":4096,"path":"images/settings.png"},{"block_hashes":["Ko2gTArke0OM/9MINHHk5L0kILbFVBtzDgojLzO0Ol8=","fVwv+b/jwsFDDrUOSuT2dClv4VU6OQ5Z7tYQpO6q3XI=","hiC8R/9VjytaGsFJ4Ms40F805MGXzEyavyiPB/yJwlI=","JRKw+M2DDJLJaSz2i8qMwhq4BZEbmfnySbuv5SdBrjw=","nZC/euIT3Uow7Vpmq7YapM5zX4lbcVWDjpYRtJ77TkM=","GXjR1YZmFmxjReHXpquSo0bmUFNze889OhiQNFFVSak=","KQ48TGKu6D2OSYUdISnfFoeGogco5pBiIMUUz1opA/w="],"block_size":4096,"path":"images/sound-translate.png"},{"block_hashes":["fz9ZR7kwaVrRXoWIkT1UkYFYOv5vaCQdgToelHCmzR4=","9YyM8BtMDGdzqAWiZ++005/yrf9Iu/NY50n2vqXosKY=","sTa5VRhMCONX4AWuZn8Biga+Wi0LLd1/N4Wss3Vjn4Y="],"block_size":4096,"path":"js/background.js"},{"block_hashes":["0ykPoibmreSJGq+qllfzEM8l7muATB1M5fVhljQYWV8=","Ac5SPYS4JzP3lSyPp9j49m0cdGBofGrQbgRJmvZqhuU=","p9DvXvFvi7sCHJf1SGZpKPIpbT4yEHSnY3pWhTuylq0=","iuPTEYjf1RS0mzz6t59miCS+8IUB3eJxGrEA+97HFZQ="],"block_size":4096,"path":"js/content.js"},{"block_hashes":["MfXABjTw7NLCSsyn0yJYpRjof0RHQm10T6uWioHV22Y="],"block_size":4096,"path":"js/core.js"},{"block_hashes":["GU3T2rjLu0Hygfe4GI1oeIGH/ekSGu3pJrUlOGQ30c8=","HdHR5FkHMJEHOeiRqaLllc7oq3gqH4unCdE5YicMyXM=","s4tkZd+7/ei1RFYDaH7+h8lJdkzFxEFWygsVFJbpnvg=","2xgnaFPF0QpQ3V1gz++gOgI5a7fxN38V1g3XZw4Bi0o=","FIdh0H8M6SVcd2xEe5/kjH1nQ1fYdWTs3nMO4xoL4mM=","amATKCaJ+sz+4cxyIznth63867ErfI8wG25qIWElh2M=","MeOGkNyKw9NIoJYH33nuC3GWx/YLCF/OGi2F4S4ogM4=","k5V+s38a0NqeQZlnJRzn8N4KhTwnqh4UhdimHoDEPmg=","7PG6PMfTpTPknycYt51P7KwZAHT8XWSWeIMC/RYbPGI=","cnCm0HSYq1VJowJcRHKgIlKY9fk16viA7OxI/W1lQxE=","0Rb3RSFSt2w2RFOUrV246jH1cEWs39SU7MHs+/TV+1w=","9iAkrApTbxboF0zFD1wbROyyXm5HJLsgBSVTFCAHmXs=","2W5nMuBYDnyd6URsG/wjHFR0+EGbiy3zWMjLeU35gxo=","YxIFU2QdDvdbVAoasG9AR8K76greGzni8rCRZxbX0aI=","4KWIaotTWORX8yGQTh95aAd/0Hugm1Ru/xvoXz6hm2Q=","qCuENOG9qe1Wo7lXvWSVT1Uj+TXSr640gEQ2Jm6ZC18=","7vbeCT3SRogZgX40XkMD9rMZzrXqKZVCQ5+hFx+NOwI=","r+qDpUZU6u3UrpHq8YLZJz/Kr5oYkN/MzPE/cHgjWIA=","ZhlUINAaV8ONlX1DF7Z8xWksGJm2wxkvMmVUvCI0lR8=","64iPwxfPnkiIosC7FZLYXmr8UuR0i66ro1NpdUUttWo=","fryIwsBe9X1kBVhG6x3XXdD61Qv/FbzeDCCO/FmMWQs=","ssNIpg2cFD98Ewj5Yl18EG676w6uNRH2BJJCvowjMT0="],"block_size":4096,"path":"js/jquery.js"},{"block_hashes":["fqPAkW44ye9Uh5QS5ea0howKzJAoX3gVmHIjYe3I4qU="],"block_size":4096,"path":"js/popup.js"},{"block_hashes":["v8YvgpEuFsGidgg5jC33vddBWAO3OZ1GvA3njUhQ6hU="],"block_size":4096,"path":"js/settings.js"},{"block_hashes":["YwUMkWsphQfsAVxZo0faM5ylacbgLlZYYTG3T4qYiv8="],"block_size":4096,"path":"js/Utils.js"},{"block_hashes":["y5YSpd5me25dXOrOjjfbTYcMcb+rY7IZMmeboqnC240="],"block_size":4096,"path":"popup.html"},{"block_hashes":["wxgKJfG1X7Le4nN2fEz0HnMeamua7tzVOgceUbkmAk8=","+AWViRUDNFL4WkhYl834BMIzokGl4x87F1ZSQsPzEf8=","QQqpegrdxxD4qu86rhUVMsQ/KxJcfkKVJElCoqlrey4="],"block_size":4096,"path":"settings.html"}],"version":2}